Date,Close,Close,Close,Close,Close
2024-12-31,585.5100,219.3900,250.4200,891.3200,189.3000
2024-12-30,591.2400,221.3000,252.2000,900.4300,191.2400
2024-12-27,599.8100,223.7500,255.5900,907.5500,192.7600
2024-12-26,603.3500,227.0500,259.0200,924.1400,195.6000
2024-12-24,607.7500,229.0500,258.2000,932.1200,196.1100
2024-12-23,599.8500,225.0600,255.2700,911.4500,194.6300
2024-12-20,585.2500,224.9200,254.4900,909.0500,191.4100
2024-12-19,595.5700,223.2900,249.7900,902.0400,188.5100
2024-12-18,597.1900,220.5200,248.0500,889.5500,188.4000
2024-12-17,619.4400,231.1500,253.4800,919.1300,195.4200
2024-12-16,624.2400,232.9300,251.0400,921.0800,196.6600
2024-12-13,620.3500,227.4600,248.1300,918.8700,189.8200
2024-12-12,630.7900,228.9700,247.9600,925.5500,191.9600
2024-12-11,632.6800,230.2600,246.4900,936.5600,195.4000
2024-12-10,619.3200,225.0400,247.7700,913.3500,185.1700
2024-12-09,613.5700,226.0900,246.7500,913.6900,175.3700
2024-12-06,623.7700,227.0300,242.8400,934.7400,174.7100
2024-12-05,608.9300,220.5500,243.0400,917.8700,172.6400
2024-12-04,613.7800,218.1600,243.0100,911.0600,174.3700
2024-12-03,613.6500,213.4400,242.6500,902.1700,171.3400
2024-12-02,592.8300,210.7100,239.5900,897.7400,171.4900
2024-11-29,574.3200,207.8900,237.3300,886.8100,168.9500
2024-11-27,569.2000,205.7400,234.9300,877.3400,169.2300
2024-11-26,573.5400,207.8600,235.0600,872.6000,169.1200
2024-11-25,565.1100,201.4500,232.8700,865.5900,167.6500
2024-11-22,559.1400,197.1200,229.8700,897.7900,164.7600
2024-11-21,563.0900,198.3800,228.5200,897.4800,167.6300
2024-11-20,565.5200,202.8800,229.0000,883.8500,175.9800
2024-11-19,561.0900,204.6100,228.2800,871.3200,178.1200
2024-11-18,554.4000,201.7000,228.0200,847.0500,175.3000
2024-11-15,554.0800,202.6100,225.0000,823.9600,172.4900
2024-11-14,577.1600,211.4800,228.2200,837.2600,175.5800
2024-11-13,580.0000,214.1000,225.1200,830.4700,178.8800
2024-11-12,584.8200,208.9100,224.2300,819.5000,181.6200
2024-11-11,583.1700,206.8400,224.2300,805.4400,180.3500
2024-11-08,589.3400,208.1800,226.9600,795.0400,178.3500
2024-11-07,591.7000,210.0500,227.4800,796.5400,180.7500
2024-11-06,572.0500,207.0900,222.7200,780.2100,176.5100
2024-11-05,572.4300,199.5000,223.4500,763.9100,169.7400
2024-11-04,560.6800,195.7800,222.0100,755.5100,169.2400
2024-11-01,567.1600,197.9300,222.9100,756.1000,171.2900
2024-10-31,567.5800,186.4000,225.9100,756.0300,171.1100
2024-10-30,591.8000,192.7300,230.1000,753.7400,174.4600
2024-10-29,593.2800,190.8300,233.6700,759.4400,169.6800
2024-10-28,578.1600,188.3900,233.4000,749.1200,166.7200
2024-10-25,573.2500,187.8300,231.4100,754.6800,165.2700
2024-10-24,567.7800,186.3800,230.5700,754.5500,162.7200
2024-10-23,563.6900,184.7100,230.7600,749.2900,162.7800
2024-10-22,582.0100,189.7000,235.8600,764.2400,165.1400
2024-10-21,575.1600,189.0700,236.4800,772.0700,164.0700
2024-10-18,576.4700,188.9900,235.0000,763.8900,163.4200
2024-10-17,576.9300,187.5300,232.1500,687.6500,162.9300
2024-10-16,576.7900,186.8900,231.7800,702.0000,165.1600
2024-10-15,586.2700,187.6900,233.8500,705.9800,165.4600
2024-10-14,590.4200,187.5400,231.3000,713.0000,164.9600
2024-10-11,589.9500,188.8200,227.5500,722.7900,163.2400
2024-10-10,583.8300,186.6500,229.0400,730.2900,162.0800
2024-10-09,590.5100,185.1700,229.5400,727.4300,161.8600
2024-10-08,592.8900,182.7200,225.7700,721.7600,164.3800
2024-10-07,584.7800,180.8000,221.6900,701.9200,162.9800
2024-10-04,595.9400,186.5100,226.8000,719.7000,167.0600
2024-10-03,582.7700,181.9600,225.6700,706.8000,165.8600
2024-10-02,572.8100,184.7600,226.7800,711.0900,165.8600
2024-10-01,576.4700,185.1300,226.2100,706.1300,166.9900
2024-09-30,572.4400,186.3300,233.0000,709.2700,165.8500
2024-09-27,567.3600,187.9700,227.7900,707.3500,163.9500
2024-09-26,567.8400,191.1600,227.5200,711.4300,162.7300
2024-09-25,568.3100,192.5300,226.3700,721.5600,161.4900
2024-09-24,563.3300,193.9600,227.3700,722.2600,162.2900
2024-09-23,564.4100,193.8800,226.4700,705.3700,161.8500
2024-09-20,561.3500,191.6000,228.2000,701.0300,163.5900
2024-09-19,559.1000,189.8700,228.8700,704.3200,162.1400
2024-09-18,537.9500,186.4300,220.6900,690.4700,159.8100
2024-09-17,536.3150,186.8800,216.7900,706.9100,159.3200
2024-09-16,533.2800,184.8900,216.3200,696.5000,158.0600
2024-09-13,524.6200,186.4900,222.5000,697.0600,157.4600
2024-09-12,525.6000,187.0000,222.7700,686.8000,154.6900
2024-09-11,511.8300,184.5200,222.6600,681.4700,151.1600
2024-09-10,504.7900,179.5500,220.1100,673.6200,148.6600
2024-09-09,504.7900,175.4000,220.9100,675.4200,148.7100
2024-09-06,500.2700,171.3900,220.8200,665.7700,150.9200
2024-09-05,516.8600,177.8900,222.3800,683.6200,157.2400
2024-09-04,512.7400,173.3300,220.8500,679.6800,156.4500
2024-09-03,511.7600,176.2500,222.7700,675.3200,157.3600
2024-08-30,521.3100,178.5000,229.0000,701.3500,163.3800
2024-08-29,518.2200,172.1200,229.7900,692.4800,161.7800
2024-08-28,516.7800,170.8000,226.4900,683.8400,162.8500
2024-08-27,519.1000,173.1200,228.0300,695.7200,164.6800
2024-08-26,521.1200,175.5000,227.1800,688.4400,166.1600
2024-08-23,528.0000,177.0400,226.8400,686.7300,165.6200
2024-08-22,531.9300,176.1300,224.5300,688.9600,163.8000
2024-08-21,535.1600,180.1100,226.4000,697.1200,165.8500
2024-08-20,526.7300,178.8800,226.5100,698.5400,167.1800
2024-08-19,529.2800,178.2200,225.8900,688.5300,166.6700
2024-08-16,527.4200,177.0600,226.0500,674.0700,162.9600
2024-08-15,537.3300,177.5900,224.7200,663.2200,161.3000
2024-08-14,526.7600,170.1000,221.7200,661.6800,160.3700
2024-08-13,528.5400,170.2300,221.2700,648.0200,164.1600
2024-08-12,515.9500,166.8000,217.5300,633.1400,162.2900
2024-08-09,517.7700,166.9400,216.2400,633.9400,163.6700
2024-08-08,509.6300,165.8000,213.3100,630.3500,162.0300
2024-08-07,488.9200,162.7700,209.8200,611.4800,158.9400
2024-08-06,494.0900,161.9300,207.2300,609.5700,158.2900
2024-08-05,475.7300,161.0200,209.2700,598.5500,159.2500
2024-08-02,488.1400,167.9000,219.8600,613.6400,166.6600
2024-08-01,497.7400,184.0700,218.3600,624.8500,170.7600
2024-07-31,474.8300,186.9800,222.0800,628.3500,171.5400
2024-07-30,463.1900,181.7100,218.8000,622.5800,170.2900
2024-07-29,465.7100,183.2000,218.2400,626.9600,169.5300
2024-07-26,465.7000,182.5000,217.9600,631.3700,167.0000
2024-07-25,453.4100,179.8500,217.4900,634.0900,167.2800
2024-07-24,461.2700,180.8300,218.5400,635.9900,172.6300
2024-07-23,488.6900,186.4100,225.0100,642.7600,181.7900
2024-07-22,487.4000,182.5500,223.9600,647.5000,181.6700
2024-07-19,476.7900,183.1300,224.3100,633.3400,177.6600
2024-07-18,475.8500,183.7500,224.1800,643.0400,177.6900
2024-07-17,461.9900,187.9300,228.8800,647.4600,181.0200
2024-07-16,489.7900,193.0200,234.8200,656.3200,183.9200
2024-07-15,496.1600,192.7200,234.4000,656.4500,186.5300
2024-07-12,498.8700,194.4900,230.5400,647.6000,185.0700
2024-07-11,512.7000,195.0500,227.5700,652.7500,185.5700
2024-07-10,534.6900,199.7900,232.9800,677.6500,191.1800
2024-07-09,530.0000,199.3400,228.6800,685.7400,188.9800
2024-07-08,529.3200,199.2900,227.8200,685.7400,189.0300
2024-07-05,539.9100,200.0000,226.3400,690.6500,190.6000
2024-07-03,509.9600,197.5900,221.5500,682.5100,185.8200
2024-07-02,509.5000,200.0000,220.2700,679.5800,185.2400
2024-07-01,504.6800,197.2000,216.7500,673.6100,182.9900
2024-06-28,504.2200,193.2500,210.6200,674.8800,182.1500
2024-06-27,519.5600,197.8500,214.1000,684.3400,185.4100
2024-06-26,513.1200,193.6100,213.2500,677.6900,183.8800
2024-06-25,510.6000,186.3400,209.0700,672.4100,184.0300
2024-06-24,498.9100,185.5700,208.1400,669.0200,179.2200
2024-06-21,494.7800,189.0800,207.4900,686.1200,179.6300
2024-06-20,501.7000,186.1000,209.6800,679.0300,176.3000
2024-06-18,499.4900,182.8100,214.2900,685.6700,175.0900
2024-06-17,506.6300,184.0600,216.6700,675.8300,177.2400
2024-06-14,504.1600,183.6600,212.4900,669.3800,176.7900
2024-06-13,504.1000,183.8300,214.2400,653.2600,175.1600
2024-06-12,508.8400,186.8900,213.0700,650.0600,177.7900
2024-06-11,507.4700,187.2300,207.1500,648.5500,176.6200
2024-06-10,502.6000,187.0600,193.1200,644.5000,175.0100
2024-06-07,492.9600,184.3000,196.8900,641.4700,174.4600
2024-06-06,493.7600,185.0000,194.4800,648.5200,176.7300
2024-06-05,495.0600,181.2800,195.8700,650.2700,175.4100
2024-06-04,476.9900,179.3400,194.3500,631.6200,173.7900
2024-06-03,477.4900,178.3400,194.0300,633.7900,173.1700
2024-05-31,466.8300,176.4400,192.2500,641.6200,172.5000
2024-05-30,467.0500,179.3200,191.2900,647.6600,172.1100
2024-05-29,474.3600,182.0200,190.2900,654.6200,175.9000
2024-05-28,479.9200,182.1500,189.9900,649.0000,176.4000
2024-05-24,478.2200,180.7500,189.9800,646.7500,174.9900
2024-05-23,465.7800,181.0500,186.8800,635.6700,173.5500
2024-05-22,467.7800,183.1300,190.9000,640.4700,176.3800
2024-05-21,464.6300,183.1500,192.3500,650.6100,177.8500
2024-05-20,468.8400,183.5400,191.0400,640.8200,176.9200
2024-05-17,471.9100,184.7000,189.8700,621.1000,176.0600
2024-05-16,473.2300,183.6300,189.8400,610.5200,174.1800
2024-05-15,481.5400,185.9900,189.7200,613.5200,172.5100
2024-05-14,471.8500,187.0700,187.4300,613.6600,170.3400
2024-05-13,468.0100,186.5700,186.2800,616.5900,169.1400
2024-05-10,476.2000,187.4800,183.0500,610.8700,168.6500
2024-05-09,475.4200,189.5000,184.5700,612.0900,169.9600
2024-05-08,472.6000,188.0000,182.7400,609.4700,169.3800
2024-05-07,468.2400,188.7600,182.4000,606.0000,171.2500
2024-05-06,465.6800,188.7000,181.7100,596.9700,168.1000
2024-05-03,451.9600,186.2100,183.3800,579.3400,167.2400
2024-05-02,441.6800,184.7200,173.0300,565.1500,166.6200
2024-05-01,439.1900,179.0000,169.3000,551.7100,163.8600
2024-04-30,430.1700,175.0000,170.3300,550.6400,162.7800
2024-04-29,432.6200,180.9600,173.5000,559.4900,166.1500
2024-04-26,443.2900,179.6200,169.3000,561.2300,171.9500
2024-04-25,441.3800,173.6700,169.8900,564.8000,156.0000
2024-04-24,493.5000,176.5900,169.0200,555.1200,159.1300
2024-04-23,496.1000,179.5400,166.9000,577.7500,158.2600
2024-04-22,481.7300,177.2300,165.8400,554.6000,156.2800
2024-04-19,481.0700,174.6300,165.0000,555.0400,154.0900
2024-04-18,501.8000,179.2200,167.0400,610.5600,156.0100
2024-04-17,494.1700,181.2800,168.0000,613.6900,155.4700
2024-04-16,499.7600,183.3200,169.3800,617.5200,154.4000
2024-04-15,500.2300,183.6200,172.6900,607.1500,154.8600
2024-04-12,511.9000,186.1300,176.5500,622.8300,157.7300
2024-04-11,523.1600,189.0500,175.0400,628.7800,159.4100
2024-04-10,519.8300,185.9500,167.7800,618.5800,156.1400
2024-04-09,516.9000,185.6700,169.6700,618.2000,156.6000
2024-04-08,519.2500,185.1900,168.4500,628.4100,154.8500
2024-04-05,527.3400,185.0700,169.5800,636.1800,152.5000
2024-04-04,510.9200,180.0000,168.8200,617.1400,150.5300
2024-04-03,506.7400,182.4100,169.6500,630.0800,154.9200
2024-04-02,497.3700,180.6900,168.8400,614.2100,154.5600
2024-04-01,491.3500,180.9700,170.0300,614.3100,155.4900
2024-03-28,485.5800,180.3800,171.4800,607.3300,150.9300
2024-03-27,493.8600,179.8300,173.3100,613.5300,150.8700
2024-03-26,495.8900,178.3000,169.7100,629.2400,150.6700
2024-03-25,503.0200,179.7100,170.8500,627.4600,150.0700
2024-03-22,509.5800,178.8700,172.2800,628.0100,150.7700
2024-03-21,507.7600,178.1500,171.3700,622.7100,147.6000
2024-03-20,505.5200,178.1500,178.6700,627.6900,148.7400
2024-03-19,496.2400,175.9000,176.0800,620.7400,147.0300
2024-03-18,496.9800,174.4800,173.7200,618.3900,147.6800
2024-03-15,484.1000,174.4200,172.6200,605.8800,141.1800
2024-03-14,491.8300,178.7500,173.0000,613.0100,143.1000
2024-03-13,495.5700,176.5550,171.1300,609.4500,139.7900
2024-03-12,499.7500,175.3900,173.2300,611.0800,138.5000
2024-03-11,483.5900,171.9600,172.7500,600.9300,137.6700
2024-03-08,505.9500,175.3500,170.7300,604.8200,135.4100
2024-03-07,512.1900,176.8200,169.0000,608.5100,134.3800
2024-03-06,496.0900,173.5100,169.1200,597.6900,131.4000
2024-03-05,490.2200,174.1200,170.1200,598.5000,132.6700
2024-03-04,498.1900,177.5800,175.1000,615.8300,133.3500
2024-03-01,502.3000,178.2200,179.6600,619.3400,137.1400
2024-02-29,490.1300,176.7600,180.7500,602.9200,138.4600
2024-02-28,484.0200,173.1600,181.4200,596.4800,136.3800
2024-02-27,487.0500,173.5400,182.6300,601.6700,138.8800
2024-02-26,481.7400,174.7300,181.1600,587.6500,137.5700
2024-02-23,484.0300,174.9900,182.5200,583.5600,143.9600
2024-02-22,486.1300,174.5800,184.3700,588.4700,144.0900
2024-02-21,468.0300,168.5900,182.3200,573.3500,142.5500
2024-02-20,471.7500,167.0800,181.5600,575.1300,141.1200
2024-02-16,473.3200,169.5100,182.3100,583.9500,140.5200
2024-02-15,484.0300,169.8000,183.8600,593.4600,142.7700
2024-02-14,473.2800,170.9800,184.1500,579.3300,145.9400
2024-02-13,460.1200,168.6400,185.0400,554.5200,145.1400
2024-02-12,468.9000,172.3400,187.1500,557.8500,147.5300
2024-02-09,468.1100,174.4500,188.8500,561.3200,149.0000
2024-02-08,470.0000,169.8400,188.3200,558.5300,145.9100
2024-02-07,469.5900,170.5300,189.4100,559.3000,145.5400
2024-02-06,454.7200,169.1500,189.3000,555.8800,144.1000
2024-02-05,459.4100,170.3100,187.6800,562.0600,143.6800
2024-02-02,474.9900,171.8100,185.8500,564.6400,142.3800
2024-02-01,394.7800,159.2800,186.8600,567.5100,141.1600
2024-01-31,390.1400,155.2000,184.4000,564.1100,140.1000
2024-01-30,400.0600,159.0000,188.0400,562.8500,151.4600
2024-01-29,401.0200,161.2600,191.7300,575.7900,153.5100
2024-01-26,394.1400,159.1200,192.4200,570.4200,152.1850
2024-01-25,393.1800,157.7500,194.1700,562.0000,151.8700
2024-01-24,390.7000,156.8700,194.5000,544.8700,148.7000
2024-01-23,385.2000,156.0200,195.1800,492.1900,147.0400
2024-01-22,381.7800,154.7800,193.8900,485.7100,145.9900
2024-01-19,383.4500,155.3400,191.5600,482.9500,146.3800
2024-01-18,376.1300,153.5000,188.6300,485.3100,143.4800
2024-01-17,368.3700,151.7100,182.6800,480.3300,141.4700
2024-01-16,367.4600,153.1600,183.6300,481.2400,142.4900
2024-01-12,374.4900,154.6200,185.9200,492.1600,142.6500
2024-01-11,369.6700,155.1800,185.5900,492.2300,142.0800
2024-01-10,370.4700,153.7300,186.1900,478.3300,142.2800
2024-01-09,357.4300,151.3700,185.1400,482.0900,140.9500
2024-01-08,358.6600,149.1000,185.5600,485.0300,138.8400
2024-01-05,351.9500,145.2400,181.1800,474.0600,135.7300
2024-01-04,347.1200,144.5700,181.9100,474.6700,136.3900
2024-01-03,344.4700,148.4700,184.2500,470.2600,138.9200
2024-01-02,346.2900,149.9300,185.6400,468.5000,138.1700
2023-12-29,353.9600,151.9400,192.5300,486.8800,139.6900
2023-12-28,358.3200,153.3800,193.5800,490.5100,140.2300
2023-12-27,357.8300,153.3400,193.1500,491.7900,140.3700
2023-12-26,354.8300,153.4100,193.0500,491.1900,141.5200
2023-12-22,353.3900,153.4200,193.6000,486.7600,141.4900
2023-12-21,354.0900,153.8400,194.6800,491.6100,140.4200
2023-12-20,349.2800,152.1200,194.8300,489.2700,138.3400
2023-12-19,350.3600,153.7900,196.9400,495.0200,136.6500
2023-12-18,344.6200,154.0700,195.8900,486.1200,135.8000
2023-12-15,334.9200,149.9700,197.5700,472.0600,132.6000
2023-12-14,333.1700,147.4200,198.1100,469.8300,131.9400
2023-12-13,334.7400,148.8400,197.9600,479.9800,132.5700
2023-12-12,334.2200,147.4800,194.7100,463.0000,132.5200
2023-12-11,325.2800,145.8900,193.1800,459.8900,133.2900
2023-12-08,332.7500,147.4200,195.7100,453.7600,134.9900
2023-12-07,326.5900,146.8800,194.2700,452.0000,136.9300
2023-12-06,317.4500,144.5200,192.3200,446.7300,130.0200
2023-12-05,318.2900,146.8800,193.4200,455.1500,130.9900
2023-12-04,320.0200,144.8400,189.4300,453.9000,129.2700
2023-12-01,324.8200,147.0300,191.2400,465.7400,131.8600
2023-11-30,327.1500,146.0900,189.9500,473.9700,132.5300
2023-11-29,332.2000,146.3200,189.3700,477.1900,134.9900
2023-11-28,338.9900,147.0300,190.4000,479.0000,137.2000
2023-11-27,334.7000,147.7300,189.7900,479.1700,136.4100
2023-11-24,338.2300,146.7400,189.9700,479.5600,136.6900
2023-11-22,341.4900,146.7100,191.3100,478.0000,138.4900
2023-11-21,336.9800,143.9000,190.6400,474.9500,136.9700
2023-11-20,339.9700,146.1300,191.4500,474.4700,136.2500
2023-11-17,335.0400,145.1800,189.6900,465.9100,135.3100
2023-11-16,334.1900,142.8300,189.7100,466.9500,136.9300
2023-11-15,332.7100,143.2000,188.0100,461.9400,134.6200
2023-11-14,336.3100,145.8000,187.4400,448.6500,133.6200
2023-11-13,329.1900,142.5900,184.8000,444.6200,132.0900
2023-11-10,328.7700,143.5600,186.4000,447.2400,132.5900
2023-11-09,320.5500,140.6000,182.4100,435.1500,130.2400
2023-11-08,319.7800,142.0800,182.8900,436.6500,131.8400
2023-11-07,318.8200,142.7100,181.8200,434.6100,130.9700
2023-11-06,315.8000,139.7400,179.2300,434.7400,130.2500
2023-11-03,314.6000,138.6000,176.6500,432.3600,129.1000
2023-11-02,310.8700,138.0700,177.5700,424.7100,127.4900
2023-11-01,311.8500,137.0000,173.9700,420.1900,126.4500
2023-10-31,301.2700,133.0900,170.7700,411.6900,124.0800
2023-10-30,302.6600,132.7100,170.2900,410.0800,124.4600
2023-10-27,296.7300,127.7400,168.2200,397.8700,122.1700
2023-10-26,288.3500,119.5700,166.8900,403.5400,122.2800
2023-10-25,299.5300,121.3900,171.1000,411.2500,125.6100
2023-10-24,312.5500,128.5600,173.4400,413.7300,138.8100
2023-10-23,314.0100,126.5600,173.0000,406.8400,136.5000
2023-10-20,308.6500,125.1700,172.8800,400.9600,135.6000
2023-10-19,312.8100,128.4000,175.4600,401.7700,137.7500
2023-10-18,316.9700,128.1300,175.8400,346.1900,137.9600
2023-10-17,324.0000,131.4700,177.1500,355.7200,139.7200
2023-10-16,321.1500,132.5500,178.7200,360.8200,139.0950
2023-10-13,314.6900,129.7900,178.8500,355.6800,137.3600
2023-10-12,324.1600,132.3300,180.7100,361.2000,138.9700
2023-10-11,327.8200,131.8300,179.8000,365.9300,140.5500
2023-10-10,321.8400,129.4800,178.3900,373.3200,138.0600
2023-10-09,318.3600,128.2600,178.9900,385.9500,138.4200
2023-10-06,315.4300,127.9600,177.4900,381.5100,137.5800
2023-10-05,304.7900,125.9600,174.9100,372.5900,135.0700
2023-10-04,305.5800,127.0000,173.6600,376.9000,135.2400
2023-10-03,300.9400,124.7200,172.4000,376.7500,132.4300
2023-10-02,306.8200,129.4600,173.7500,380.3300,134.1700
2023-09-29,300.2100,127.1200,171.2100,377.6000,130.8600
2023-09-28,303.9600,125.9800,170.6900,376.3600,132.3100
2023-09-27,297.7400,125.9800,170.4300,377.5900,130.5400
2023-09-26,298.9600,125.9800,171.9600,379.2500,128.5650
2023-09-25,300.8300,131.2700,176.0800,384.8000,131.1100
2023-09-22,299.0800,129.1200,174.7900,379.8100,130.2500
2023-09-21,295.7300,129.3300,173.9300,384.1500,130.4400
2023-09-20,299.6700,135.2900,175.4900,386.3000,133.7400
2023-09-19,305.0700,137.6300,179.0700,396.2000,138.0400
2023-09-18,302.5500,139.9800,177.9700,394.4000,138.2100
2023-09-15,300.3100,140.3900,175.0100,396.9400,137.4000
2023-09-14,311.7200,144.7200,175.7400,400.4900,138.1000
2023-09-13,305.0600,144.8500,174.2100,412.2400,136.7100
2023-09-12,301.6600,141.2300,176.3000,434.6900,135.3400
2023-09-11,307.5600,143.1000,179.3600,445.3600,136.9200
2023-09-08,297.8900,138.2300,178.1800,442.8000,136.3800
2023-09-07,298.6700,137.8500,177.5600,443.1400,135.2600
2023-09-06,299.1700,135.3600,182.9100,445.7600,134.4600
2023-09-05,300.1500,137.2700,189.7000,448.6800,135.7700
2023-09-01,296.3800,138.1200,189.4600,439.8800,135.6600
2023-08-31,295.8900,138.0100,187.8700,433.6800,136.1700
2023-08-30,295.1000,135.0700,187.6500,434.6700,135.8800
2023-08-29,297.9900,134.9100,184.1200,429.9900,134.5700
2023-08-28,290.2600,133.1400,180.1900,418.0600,131.0100
2023-08-25,285.5000,133.2600,178.6100,416.0300,129.8800
2023-08-24,286.7500,131.8400,176.3800,406.9300,129.7800
2023-08-23,294.2400,135.5200,181.1200,427.5500,132.3700
2023-08-22,287.6000,134.2500,177.2300,413.1700,129.0800
2023-08-21,289.9000,134.6800,175.8400,408.2900,128.3700
2023-08-18,283.2500,133.2200,174.4900,404.5300,127.4600
2023-08-17,285.0900,133.9800,174.0000,403.0000,129.9200
2023-08-16,294.2900,135.0700,176.5700,415.4500,128.7000
2023-08-15,301.9500,137.6700,177.4500,423.7000,129.7800
2023-08-14,306.1900,140.5700,179.4600,427.7800,131.3300
2023-08-11,301.6400,138.4100,177.7900,421.6600,129.5600
2023-08-10,305.7400,138.5600,177.9700,429.9800,129.6900
2023-08-09,305.2100,137.8500,178.1900,428.9000,129.6600
2023-08-08,312.6400,139.9400,179.8000,438.3000,131.4000
2023-08-07,316.5600,142.2200,178.8500,440.7600,131.5300
2023-08-04,310.7300,139.5700,181.9900,431.6000,128.1100
2023-08-03,313.1900,128.9100,191.1700,431.0000,128.4500
2023-08-02,314.3100,128.2100,192.5800,429.7000,128.3800
2023-08-01,322.7100,131.6900,195.6050,438.6200,131.5500
2023-07-31,318.6000,133.6800,196.4500,438.9700,132.7200
2023-07-28,325.4800,132.2100,195.8300,425.7800,132.5800
2023-07-27,311.7100,128.2500,193.2200,413.1700,129.4000
2023-07-26,298.5700,128.1500,194.5000,422.6700,129.2700
2023-07-25,294.4700,129.1300,193.6200,427.7000,122.2100
2023-07-24,291.6100,128.8000,192.7500,428.3700,121.5300
2023-07-21,294.2600,130.0000,191.9400,427.5000,120.0200
2023-07-20,302.5200,129.9600,193.1300,437.4200,119.2000
2023-07-19,316.0100,135.3600,195.1000,477.5900,122.0300
2023-07-18,312.0500,132.8300,193.7300,474.8000,123.7600
2023-07-17,310.6200,133.5600,193.9900,450.0500,124.6500
2023-07-14,308.8700,134.6800,190.6900,441.9100,125.4200
2023-07-13,313.4100,134.3000,190.5400,450.3800,124.5400
2023-07-12,309.3400,130.8000,189.7700,444.0500,118.9300
2023-07-11,298.2900,128.7800,188.0800,440.2100,117.1400
2023-07-10,294.1000,127.1300,188.6100,441.7100,116.4500
2023-07-07,290.5300,129.7800,190.6800,438.1000,119.4800
2023-07-06,291.9900,128.3600,191.8100,438.8400,120.1100
2023-07-05,294.3700,130.3800,191.3300,445.9000,121.7500
2023-07-03,286.0200,130.2200,192.4600,441.4400,119.9000
2023-06-30,286.9800,130.3600,193.9700,440.4900,119.7000
2023-06-29,281.5300,127.9000,189.5900,428.2400,119.1000
2023-06-28,285.2900,129.0400,189.2500,429.8400,120.1800
2023-06-27,287.0500,129.1800,188.0600,417.0800,118.3300
2023-06-26,278.4700,127.3300,185.2700,415.9400,118.3400
2023-06-23,288.7300,129.3300,186.6800,424.0200,122.3400
2023-06-22,284.8800,130.1500,187.0000,422.4800,123.1500
2023-06-21,281.6400,124.8300,183.9600,424.4500,120.5500
2023-06-20,284.3300,125.7800,185.0100,434.7000,123.1000
2023-06-16,281.0000,125.4900,184.9200,431.9600,123.5300
2023-06-15,281.8300,127.1100,186.0100,445.2700,125.0900
2023-06-14,273.3500,126.4200,183.9500,440.8600,123.6700
2023-06-13,271.3200,126.6600,183.3100,435.7300,123.8300
2023-06-12,271.0500,126.5700,183.7900,423.9700,123.6400
2023-06-09,264.9500,123.4300,180.9600,420.0200,122.2300
2023-06-08,264.5800,124.2500,180.5700,409.3700,122.1400
2023-06-07,263.6000,121.2300,177.8200,399.7700,122.5000
2023-06-06,271.1200,126.6100,179.2100,399.2900,127.3100
2023-06-05,271.3900,125.3000,179.5800,403.5400,126.0100
2023-06-02,272.6100,124.2500,180.9500,400.4700,124.6700
2023-06-01,272.6100,122.7700,180.0900,403.1300,123.7200
2023-05-31,264.7200,120.5800,177.2500,395.2300,122.8700
2023-05-30,262.5200,121.6600,177.3000,392.9800,123.6700
2023-05-26,262.0400,120.1100,175.4300,378.8800,124.6100
2023-05-25,252.6900,115.0000,172.9900,359.0000,123.4800
2023-05-24,249.2100,116.7500,171.8400,364.8500,120.9000
2023-05-23,246.7400,114.9900,171.5600,355.9900,122.5600
2023-05-22,248.3200,115.0100,174.2000,363.0100,125.0500
2023-05-19,245.6400,116.2500,175.1600,365.3600,122.7600
2023-05-18,246.8500,118.1500,175.0500,371.2900,122.8300
2023-05-17,242.4850,115.5000,172.6900,339.9600,120.8400
2023-05-16,238.8200,113.4000,172.0700,333.7500,119.5100
2023-05-15,238.8600,111.2000,172.0700,335.8900,116.5100
2023-05-12,233.8100,110.2600,172.5700,339.8900,117.5100
2023-05-11,235.7900,112.1800,173.7500,344.7600,116.5700
2023-05-10,233.0800,110.1900,173.5550,335.4200,111.7500
2023-05-09,233.3700,106.6200,171.7700,332.1400,107.3500
2023-05-08,233.2700,105.8300,173.5000,331.2100,107.7700
2023-05-05,232.7800,105.6550,173.5700,322.7600,105.5700
2023-05-04,233.5200,104.0000,165.7900,320.7800,104.6900
2023-05-03,237.0300,103.6500,167.4500,319.3000,105.4100
2023-05-02,239.2400,103.6300,168.5400,317.5500,105.3200
2023-05-01,243.1800,102.0500,169.5900,324.1200,107.2000
2023-04-28,240.3200,105.4500,169.6800,329.9300,107.3400
2023-04-27,238.5600,109.8200,168.4100,325.8500,107.5900
2023-04-26,209.4000,104.9800,163.7600,321.1500,103.7100
2023-04-25,207.5500,102.5700,163.7700,322.5500,103.8500
2023-04-24,212.7900,106.2100,165.3300,329.0200,105.9700
2023-04-21,212.8900,106.9600,165.0200,327.9800,105.4100
2023-04-20,213.0700,103.8100,166.6500,325.3500,105.2900
2023-04-19,215.7000,104.3000,167.6300,323.1200,104.1800
2023-04-18,217.8900,102.3000,166.4700,333.7000,104.5000
2023-04-17,218.8600,102.7400,165.2300,332.7200,105.9700
2023-04-14,221.4900,102.5100,165.2100,338.6300,108.8700
2023-04-13,220.3500,102.4000,165.5600,346.1900,107.4300
2023-04-12,214.0000,97.8300,160.1000,331.0300,104.6400
2023-04-11,213.8500,99.9200,160.8000,338.2100,105.3500
2023-04-10,214.7500,102.1700,162.0300,338.9900,106.4400
2023-04-06,216.1000,102.0600,164.6600,339.3300,108.4200
2023-04-05,211.4800,101.1000,163.7600,342.3500,104.4700
2023-04-04,214.7200,103.9500,165.6300,346.7500,104.7200
2023-04-03,213.0700,102.4100,166.1700,348.2800,104.3600
2023-03-31,211.9400,103.2900,164.9000,345.4800,103.7300
2023-03-30,207.8400,102.0000,162.3600,338.4300,100.8900
2023-03-29,205.3500,100.2500,160.7700,332.0300,101.3900
2023-03-28,200.6800,97.2400,157.6500,323.5200,101.0300
2023-03-27,202.8400,98.0400,158.2800,327.6600,102.4600
2023-03-24,206.0100,98.1300,160.2500,328.3900,105.4400
2023-03-23,204.2800,98.7100,158.9300,320.3700,105.6000
2023-03-22,199.8100,98.7000,157.8300,293.9000,103.3700
2023-03-21,202.1600,100.6100,159.2800,305.7900,104.9200
2023-03-20,197.8100,97.7100,157.4000,305.1300,101.2200
2023-03-17,195.6100,98.9500,155.0000,303.5000,101.6200
2023-03-16,204.9300,100.0400,155.8500,310.0600,100.3200
2023-03-15,197.7500,96.2000,152.9900,303.7900,96.1100
2023-03-14,194.0200,94.8800,152.5900,294.9400,93.9700
2023-03-13,180.9000,92.4300,150.4700,293.5100,91.1100
2023-03-10,179.5100,90.7300,148.5000,292.7600,90.6300
2023-03-09,181.6900,92.2500,150.5900,297.7800,92.3200
2023-03-08,184.9700,93.9200,152.8700,311.7900,94.2500
2023-03-07,184.5100,93.5500,151.6000,308.4700,93.8600
2023-03-06,184.9000,93.7500,153.8300,312.0300,95.1300
2023-03-03,185.2500,94.9000,151.0300,315.1800,93.6500
2023-03-02,174.5300,92.1300,145.9100,311.8800,92.0000
2023-03-01,173.4200,92.1700,145.3100,313.4800,90.3600
2023-02-28,174.9400,94.2300,147.4100,322.1300,90.0600
2023-02-27,169.5400,93.7600,147.9200,323.0300,89.8700
2023-02-24,170.3900,93.5000,146.7100,317.1500,89.1300
2023-02-23,172.0400,95.8200,149.4000,323.6500,90.8900
2023-02-22,171.1200,95.7900,148.9100,334.8800,91.6500
2023-02-21,172.0800,94.5800,148.4800,337.5000,91.7900
2023-02-17,172.8800,97.2000,152.5500,347.9600,94.3500
2023-02-16,172.4400,98.1500,153.7100,350.7100,95.5100
2023-02-15,177.1600,101.1600,155.3300,361.4200,96.9400
2023-02-14,179.4800,99.7000,153.2000,359.9600,94.6800
2023-02-13,179.4300,99.5400,153.8500,358.5700,94.6100
2023-02-10,174.1500,97.6100,151.0100,347.3600,94.5700
2023-02-09,177.9200,98.2400,150.8700,362.5000,95.0100
2023-02-08,183.4300,100.0500,151.9200,366.8300,99.3700
2023-02-07,191.6200,102.1100,154.6500,362.9500,107.6400
2023-02-06,186.0600,102.1800,151.7300,361.4800,102.9000
2023-02-03,186.5300,103.3900,154.5000,365.9000,104.7800
2023-02-02,188.7700,112.9100,150.8200,366.8900,107.7400
2023-02-01,153.1200,105.1500,145.4300,361.9900,100.4300
2023-01-31,148.9700,103.1300,144.2900,353.8600,98.8400
2023-01-30,147.0600,100.5500,143.0000,353.1100,96.9400
2023-01-27,151.7400,102.2400,145.9300,360.7700,99.3700
2023-01-26,147.3000,99.2200,143.9600,364.8700,97.5200
2023-01-25,141.5000,97.1800,141.8600,367.9600,95.2200
2023-01-24,143.1400,96.3200,142.5300,363.8300,97.7000
2023-01-23,143.2700,97.5200,141.1100,357.4200,99.7900
2023-01-20,139.3700,97.2500,137.8700,342.5000,98.0200
2023-01-19,136.1500,93.6800,135.2700,315.7800,93.0500
2023-01-18,133.0200,95.4600,135.2100,326.3300,91.1200
2023-01-17,135.3600,96.0500,135.9400,326.2200,91.2900
2023-01-13,136.9800,98.1200,134.7600,332.8200,92.1200
2023-01-12,136.7100,95.2700,133.4100,330.1300,91.1300
2023-01-11,132.8900,95.0900,133.4900,327.2600,91.5200
2023-01-10,132.9900,89.8700,130.7300,327.5400,88.4200
2023-01-09,129.4700,87.3600,130.1500,315.1700,88.0200
2023-01-06,130.0200,86.0800,129.6200,315.5500,87.3400
2023-01-05,126.9400,83.1200,125.0200,309.7000,86.2000
2023-01-04,127.3700,85.1400,126.3600,309.4100,88.0800
2023-01-03,124.7400,85.8200,125.0700,294.9500,89.1200
